image_path,sign,country
stop\000001.jpg,stop,Germany
stop\000002.jpg,stop,Germany
stop\000003.jpg,stop,Germany
stop\000004.jpg,stop,Germany
stop\000005.jpg,stop,Germany
stop\000006.jpg,stop,Germany
stop\000007.jpg,stop,Germany
stop\000008.jpg,stop,Germany
stop\000009.jpg,stop,Germany
stop\000010.jpg,stop,Germany
stop\000011.jpg,stop,Germany
stop\000012.jpg,stop,Germany
stop\000013.jpg,stop,Germany
stop\000014.jpg,stop,Germany
stop\000015.jpg,stop,Germany
stop\000016.jpg,stop,Germany
stop\000017.jpg,stop,Germany
stop\000018.jpg,stop,Germany
stop\000019.jpg,stop,Germany
stop\000020.jpg,stop,Germany
stop\000021.jpg,stop,Germany
stop\000022.jpg,stop,Germany
stop\000023.jpg,stop,Germany
stop\000024.jpg,stop,Germany
stop\000025.jpg,stop,Germany
stop\000026.jpg,stop,Germany
stop\000027.jpg,stop,Germany
stop\000028.jpg,stop,Germany
stop\000029.jpg,stop,Germany
stop\000030.jpg,stop,Germany
stop\000031.jpg,stop,Germany
stop\000032.jpg,stop,Germany
stop\000033.jpg,stop,Germany
stop\000034.jpg,stop,Germany
stop\000035.jpg,stop,Germany
stop\000036.jpg,stop,Germany
stop\000037.jpg,stop,Germany
stop\000038.jpg,stop,Germany
stop\000039.jpg,stop,Germany
stop\000040.jpg,stop,Germany
stop\000041.jpg,stop,Germany
stop\000042.jpg,stop,Germany
stop\000043.jpg,stop,Germany
stop\000044.jpg,stop,Germany
stop\000045.jpg,stop,Germany
stop\000046.jpg,stop,Germany
speed_limit_30\000001.jpg,speed_limit_30,Germany
speed_limit_30\000002.jpg,speed_limit_30,Germany
speed_limit_30\000003.jpg,speed_limit_30,Germany
speed_limit_30\000004.jpg,speed_limit_30,Germany
speed_limit_30\000005.jpg,speed_limit_30,Germany
speed_limit_30\000006.jpg,speed_limit_30,Germany
speed_limit_30\000007.jpg,speed_limit_30,Germany
speed_limit_30\000008.jpg,speed_limit_30,Germany
speed_limit_30\000009.jpg,speed_limit_30,Germany
speed_limit_30\000010.jpg,speed_limit_30,Germany
speed_limit_30\000011.jpg,speed_limit_30,Germany
speed_limit_30\000012.jpg,speed_limit_30,Germany
speed_limit_30\000013.jpg,speed_limit_30,Germany
speed_limit_30\000014.jpg,speed_limit_30,Germany
speed_limit_30\000015.jpg,speed_limit_30,Germany
speed_limit_30\000016.jpg,speed_limit_30,Germany
speed_limit_30\000017.jpg,speed_limit_30,Germany
speed_limit_30\000018.jpg,speed_limit_30,Germany
speed_limit_30\000019.jpg,speed_limit_30,Germany
speed_limit_30\000020.jpg,speed_limit_30,Germany
speed_limit_30\000021.jpg,speed_limit_30,Germany
speed_limit_30\000022.jpg,speed_limit_30,Germany
speed_limit_30\000023.jpg,speed_limit_30,Germany
speed_limit_30\000024.jpg,speed_limit_30,Germany
speed_limit_30\000025.jpg,speed_limit_30,Germany
speed_limit_30\000026.jpg,speed_limit_30,Germany
speed_limit_30\000027.jpg,speed_limit_30,Germany
speed_limit_30\000028.jpg,speed_limit_30,Germany
speed_limit_30\000029.jpg,speed_limit_30,Germany
speed_limit_30\000030.jpg,speed_limit_30,Germany
speed_limit_30\000031.jpg,speed_limit_30,Germany
speed_limit_30\000032.jpg,speed_limit_30,Germany
speed_limit_30\000033.jpg,speed_limit_30,Germany
speed_limit_30\000034.jpg,speed_limit_30,Germany
speed_limit_30\000035.jpg,speed_limit_30,Germany
speed_limit_30\000036.jpg,speed_limit_30,Germany
speed_limit_30\000037.jpg,speed_limit_30,Germany
speed_limit_30\000038.jpg,speed_limit_30,Germany
speed_limit_30\000039.jpg,speed_limit_30,Germany
speed_limit_30\000040.jpg,speed_limit_30,Germany
speed_limit_30\000041.jpg,speed_limit_30,Germany
speed_limit_30\000042.jpg,speed_limit_30,Germany
speed_limit_30\000043.jpg,speed_limit_30,Germany
speed_limit_30\000044.jpg,speed_limit_30,Germany
speed_limit_30\000045.jpg,speed_limit_30,Germany
speed_limit_30\000046.jpg,speed_limit_30,Germany
speed_limit_30\000047.jpg,speed_limit_30,Germany
speed_limit_30\000048.jpg,speed_limit_30,Germany
speed_limit_30\000049.jpg,speed_limit_30,Germany
speed_limit_30\000050.jpg,speed_limit_30,Germany
speed_limit_30\000051.jpg,speed_limit_30,Germany
speed_limit_30\000052.jpg,speed_limit_30,Germany
speed_limit_30\000053.jpg,speed_limit_30,Germany
speed_limit_30\000054.jpg,speed_limit_30,Germany
speed_limit_30\000055.jpg,speed_limit_30,Germany
speed_limit_30\000056.jpg,speed_limit_30,Germany
speed_limit_30\000057.jpg,speed_limit_30,Germany
speed_limit_30\000058.jpg,speed_limit_30,Germany
speed_limit_30\000059.jpg,speed_limit_30,Germany
speed_limit_30\000060.jpg,speed_limit_30,Germany
speed_limit_30\000061.jpg,speed_limit_30,Germany
speed_limit_30\000062.jpg,speed_limit_30,Germany
speed_limit_30\000063.jpg,speed_limit_30,Germany
speed_limit_30\000064.jpg,speed_limit_30,Germany
speed_limit_30\000065.jpg,speed_limit_30,Germany
speed_limit_30\000066.jpg,speed_limit_30,Germany
speed_limit_30\000067.jpg,speed_limit_30,Germany
speed_limit_30\000068.jpg,speed_limit_30,Germany
speed_limit_30\000069.jpg,speed_limit_30,Germany
speed_limit_30\000070.jpg,speed_limit_30,Germany
speed_limit_50\000001.jpg,speed_limit_50,Germany
speed_limit_50\000002.jpg,speed_limit_50,Germany
speed_limit_50\000003.jpg,speed_limit_50,Germany
speed_limit_50\000004.jpg,speed_limit_50,Germany
speed_limit_50\000005.jpg,speed_limit_50,Germany
speed_limit_50\000006.jpg,speed_limit_50,Germany
speed_limit_50\000007.jpg,speed_limit_50,Germany
speed_limit_50\000008.jpg,speed_limit_50,Germany
speed_limit_50\000009.jpg,speed_limit_50,Germany
speed_limit_50\000010.jpg,speed_limit_50,Germany
speed_limit_50\000011.jpg,speed_limit_50,Germany
speed_limit_50\000012.jpg,speed_limit_50,Germany
speed_limit_50\000013.jpg,speed_limit_50,Germany
speed_limit_50\000014.jpg,speed_limit_50,Germany
speed_limit_50\000015.jpg,speed_limit_50,Germany
speed_limit_50\000016.jpg,speed_limit_50,Germany
speed_limit_50\000017.jpg,speed_limit_50,Germany
speed_limit_50\000018.jpg,speed_limit_50,Germany
speed_limit_50\000019.jpg,speed_limit_50,Germany
speed_limit_50\000020.jpg,speed_limit_50,Germany
speed_limit_50\000021.jpg,speed_limit_50,Germany
speed_limit_50\000022.jpg,speed_limit_50,Germany
speed_limit_50\000023.jpg,speed_limit_50,Germany
speed_limit_50\000024.jpg,speed_limit_50,Germany
speed_limit_50\000025.jpg,speed_limit_50,Germany
speed_limit_50\000026.jpg,speed_limit_50,Germany
speed_limit_50\000027.jpg,speed_limit_50,Germany
speed_limit_50\000028.jpg,speed_limit_50,Germany
speed_limit_50\000029.jpg,speed_limit_50,Germany
speed_limit_50\000030.jpg,speed_limit_50,Germany
speed_limit_50\000031.jpg,speed_limit_50,Germany
speed_limit_50\000032.jpg,speed_limit_50,Germany
speed_limit_50\000033.jpg,speed_limit_50,Germany
speed_limit_50\000034.jpg,speed_limit_50,Germany
speed_limit_50\000035.jpg,speed_limit_50,Germany
speed_limit_50\000036.jpg,speed_limit_50,Germany
speed_limit_50\000037.jpg,speed_limit_50,Germany
speed_limit_50\000038.jpg,speed_limit_50,Germany
speed_limit_50\000039.jpg,speed_limit_50,Germany
speed_limit_50\000040.jpg,speed_limit_50,Germany
speed_limit_50\000041.jpg,speed_limit_50,Germany
speed_limit_50\000042.jpg,speed_limit_50,Germany
speed_limit_50\000043.jpg,speed_limit_50,Germany
speed_limit_50\000044.jpg,speed_limit_50,Germany
speed_limit_50\000045.jpg,speed_limit_50,Germany
speed_limit_50\000046.jpg,speed_limit_50,Germany
speed_limit_50\000047.jpg,speed_limit_50,Germany
speed_limit_50\000048.jpg,speed_limit_50,Germany
speed_limit_50\000049.jpg,speed_limit_50,Germany
speed_limit_50\000050.jpg,speed_limit_50,Germany
speed_limit_50\000051.jpg,speed_limit_50,Germany
speed_limit_50\000052.jpg,speed_limit_50,Germany
speed_limit_50\000053.jpg,speed_limit_50,Germany
speed_limit_50\000054.jpg,speed_limit_50,Germany
speed_limit_50\000055.jpg,speed_limit_50,Germany
speed_limit_50\000056.jpg,speed_limit_50,Germany
speed_limit_50\000057.jpg,speed_limit_50,Germany
speed_limit_80\000001.jpg,speed_limit_80,Germany
speed_limit_80\000002.jpg,speed_limit_80,Germany
speed_limit_80\000003.jpg,speed_limit_80,Germany
speed_limit_80\000004.jpg,speed_limit_80,Germany
speed_limit_80\000005.jpg,speed_limit_80,Germany
speed_limit_80\000006.jpg,speed_limit_80,Germany
speed_limit_80\000007.jpg,speed_limit_80,Germany
speed_limit_80\000008.jpg,speed_limit_80,Germany
speed_limit_80\000009.jpg,speed_limit_80,Germany
speed_limit_80\000010.jpg,speed_limit_80,Germany
speed_limit_80\000011.jpg,speed_limit_80,Germany
speed_limit_80\000012.jpg,speed_limit_80,Germany
speed_limit_80\000013.jpg,speed_limit_80,Germany
speed_limit_80\000014.jpg,speed_limit_80,Germany
speed_limit_80\000015.jpg,speed_limit_80,Germany
speed_limit_80\000016.jpg,speed_limit_80,Germany
speed_limit_80\000017.jpg,speed_limit_80,Germany
speed_limit_80\000018.jpg,speed_limit_80,Germany
speed_limit_80\000019.jpg,speed_limit_80,Germany
speed_limit_80\000020.jpg,speed_limit_80,Germany
speed_limit_80\000021.jpg,speed_limit_80,Germany
speed_limit_80\000022.jpg,speed_limit_80,Germany
speed_limit_80\000023.jpg,speed_limit_80,Germany
speed_limit_80\000024.jpg,speed_limit_80,Germany
speed_limit_80\000025.jpg,speed_limit_80,Germany
speed_limit_80\000026.jpg,speed_limit_80,Germany
speed_limit_80\000027.jpg,speed_limit_80,Germany
speed_limit_80\000028.jpg,speed_limit_80,Germany
speed_limit_80\000029.jpg,speed_limit_80,Germany
speed_limit_80\000030.jpg,speed_limit_80,Germany
speed_limit_80\000031.jpg,speed_limit_80,Germany
speed_limit_80\000033.jpg,speed_limit_80,Germany
speed_limit_80\000034.jpg,speed_limit_80,Germany
speed_limit_80\000036.jpg,speed_limit_80,Germany
speed_limit_80\000037.jpg,speed_limit_80,Germany
speed_limit_80\000038.jpg,speed_limit_80,Germany
speed_limit_80\000039.jpg,speed_limit_80,Germany
speed_limit_80\000040.jpg,speed_limit_80,Germany
speed_limit_80\000041.jpg,speed_limit_80,Germany
speed_limit_80\000042.jpg,speed_limit_80,Germany
speed_limit_80\000043.jpg,speed_limit_80,Germany
speed_limit_80\000044.jpg,speed_limit_80,Germany
speed_limit_80\000045.jpg,speed_limit_80,Germany
speed_limit_80\000046.jpg,speed_limit_80,Germany
speed_limit_80\000047.jpg,speed_limit_80,Germany
speed_limit_80\000048.jpg,speed_limit_80,Germany
speed_limit_80\000049.jpg,speed_limit_80,Germany
speed_limit_80\000050.jpg,speed_limit_80,Germany
speed_limit_80\000051.jpg,speed_limit_80,Germany
speed_limit_80\000052.jpg,speed_limit_80,Germany
speed_limit_80\000053.jpg,speed_limit_80,Germany
speed_limit_80\000054.jpg,speed_limit_80,Germany
speed_limit_80\000055.jpg,speed_limit_80,Germany
speed_limit_80\000056.jpg,speed_limit_80,Germany
speed_limit_80\000057.jpg,speed_limit_80,Germany
speed_limit_80\000058.jpg,speed_limit_80,Germany
speed_limit_80\000059.jpg,speed_limit_80,Germany
speed_limit_80\000060.jpg,speed_limit_80,Germany
speed_limit_80\000061.jpg,speed_limit_80,Germany
speed_limit_80\000062.jpg,speed_limit_80,Germany
speed_limit_80\000063.jpg,speed_limit_80,Germany
speed_limit_80\000064.jpg,speed_limit_80,Germany
speed_limit_80\000065.jpg,speed_limit_80,Germany
speed_limit_80\000066.jpg,speed_limit_80,Germany
speed_limit_80\000067.jpg,speed_limit_80,Germany
speed_limit_80\000068.jpg,speed_limit_80,Germany
no_entry\000001.jpg,no_entry,Germany
no_entry\000002.jpg,no_entry,Germany
no_entry\000003.jpg,no_entry,Germany
no_entry\000004.jpg,no_entry,Germany
no_entry\000005.jpg,no_entry,Germany
no_entry\000006.jpg,no_entry,Germany
no_entry\000007.jpg,no_entry,Germany
no_entry\000008.jpg,no_entry,Germany
no_entry\000009.jpg,no_entry,Germany
no_entry\000010.jpg,no_entry,Germany
no_entry\000011.jpg,no_entry,Germany
no_entry\000012.jpg,no_entry,Germany
no_entry\000013.jpg,no_entry,Germany
no_entry\000014.jpg,no_entry,Germany
no_entry\000015.jpg,no_entry,Germany
no_entry\000016.jpg,no_entry,Germany
no_entry\000017.jpg,no_entry,Germany
no_entry\000018.jpg,no_entry,Germany
no_entry\000019.jpg,no_entry,Germany
no_entry\000020.jpg,no_entry,Germany
no_entry\000021.jpg,no_entry,Germany
no_entry\000022.jpg,no_entry,Germany
no_entry\000023.jpg,no_entry,Germany
no_entry\000024.jpg,no_entry,Germany
no_entry\000025.jpg,no_entry,Germany
no_entry\000026.jpg,no_entry,Germany
no_entry\000027.jpg,no_entry,Germany
no_entry\000028.jpg,no_entry,Germany
no_entry\000029.jpg,no_entry,Germany
no_entry\000030.jpg,no_entry,Germany
no_entry\000031.jpg,no_entry,Germany
no_entry\000032.jpg,no_entry,Germany
no_entry\000033.jpg,no_entry,Germany
no_entry\000034.jpg,no_entry,Germany
no_entry\000035.jpg,no_entry,Germany
no_entry\000036.jpg,no_entry,Germany
no_entry\000037.jpg,no_entry,Germany
no_entry\000038.jpg,no_entry,Germany
no_entry\000039.jpg,no_entry,Germany
no_entry\000040.jpg,no_entry,Germany
no_entry\000041.jpg,no_entry,Germany
no_entry\000042.jpg,no_entry,Germany
no_entry\000043.jpg,no_entry,Germany
no_entry\000044.jpg,no_entry,Germany
no_entry\000045.jpg,no_entry,Germany
no_entry\000046.jpg,no_entry,Germany
no_entry\000047.jpg,no_entry,Germany
no_entry\000048.jpg,no_entry,Germany
no_entry\000049.jpg,no_entry,Germany
no_entry\000050.jpg,no_entry,Germany
no_entry\000051.jpg,no_entry,Germany
no_entry\000052.jpg,no_entry,Germany
no_entry\000053.jpg,no_entry,Germany
no_entry\000054.jpg,no_entry,Germany
no_entry\000055.jpg,no_entry,Germany
no_entry\000056.jpg,no_entry,Germany
no_entry\000057.jpg,no_entry,Germany
no_entry\000058.jpg,no_entry,Germany
no_entry\000059.jpg,no_entry,Germany
no_parking\000001.jpg,no_parking,Germany
no_parking\000002.jpg,no_parking,Germany
no_parking\000003.jpg,no_parking,Germany
no_parking\000004.jpg,no_parking,Germany
no_parking\000005.jpg,no_parking,Germany
no_parking\000006.jpg,no_parking,Germany
no_parking\000007.jpg,no_parking,Germany
no_parking\000008.jpg,no_parking,Germany
no_parking\000009.jpg,no_parking,Germany
no_parking\000010.jpg,no_parking,Germany
no_parking\000011.jpg,no_parking,Germany
no_parking\000012.jpg,no_parking,Germany
no_parking\000013.jpg,no_parking,Germany
no_parking\000014.jpg,no_parking,Germany
no_parking\000015.jpg,no_parking,Germany
no_parking\000016.jpg,no_parking,Germany
no_parking\000017.jpg,no_parking,Germany
no_parking\000018.jpg,no_parking,Germany
no_parking\000019.jpg,no_parking,Germany
no_parking\000020.jpg,no_parking,Germany
no_parking\000021.jpg,no_parking,Germany
no_parking\000022.jpg,no_parking,Germany
no_parking\000023.jpg,no_parking,Germany
no_parking\000024.jpg,no_parking,Germany
no_parking\000025.jpg,no_parking,Germany
no_parking\000026.jpg,no_parking,Germany
no_parking\000027.jpg,no_parking,Germany
no_parking\000028.jpg,no_parking,Germany
no_parking\000029.jpg,no_parking,Germany
no_parking\000030.jpg,no_parking,Germany
no_parking\000031.jpg,no_parking,Germany
no_parking\000032.jpg,no_parking,Germany
no_parking\000033.jpg,no_parking,Germany
no_parking\000034.jpg,no_parking,Germany
no_parking\000035.jpg,no_parking,Germany
no_parking\000036.jpg,no_parking,Germany
no_parking\000037.jpg,no_parking,Germany
no_parking\000038.jpg,no_parking,Germany
no_parking\000039.jpg,no_parking,Germany
no_parking\000040.jpg,no_parking,Germany
no_parking\000041.jpg,no_parking,Germany
no_parking\000042.jpg,no_parking,Germany
no_parking\000043.jpg,no_parking,Germany
no_parking\000044.jpg,no_parking,Germany
no_parking\000045.jpg,no_parking,Germany
no_parking\000046.jpg,no_parking,Germany
no_parking\000047.jpg,no_parking,Germany
no_parking\000048.jpg,no_parking,Germany
no_parking\000049.jpg,no_parking,Germany
no_parking\000050.jpg,no_parking,Germany
no_parking\000051.jpg,no_parking,Germany
no_parking\000052.jpg,no_parking,Germany
no_parking\000053.jpg,no_parking,Germany
no_parking\000054.jpg,no_parking,Germany
no_parking\000055.jpg,no_parking,Germany
no_parking\000056.jpg,no_parking,Germany
no_parking\000057.jpg,no_parking,Germany
no_parking\000058.jpg,no_parking,Germany
no_parking\000059.jpg,no_parking,Germany
no_u_turn\000001.jpg,no_u_turn,Germany
no_u_turn\000002.jpg,no_u_turn,Germany
no_u_turn\000003.jpg,no_u_turn,Germany
no_u_turn\000004.jpg,no_u_turn,Germany
no_u_turn\000005.jpg,no_u_turn,Germany
no_u_turn\000006.jpg,no_u_turn,Germany
no_u_turn\000007.jpg,no_u_turn,Germany
no_u_turn\000008.jpg,no_u_turn,Germany
no_u_turn\000009.jpg,no_u_turn,Germany
no_u_turn\000010.jpg,no_u_turn,Germany
no_u_turn\000011.jpg,no_u_turn,Germany
no_u_turn\000012.jpg,no_u_turn,Germany
no_u_turn\000013.jpg,no_u_turn,Germany
no_u_turn\000014.jpg,no_u_turn,Germany
no_u_turn\000015.jpg,no_u_turn,Germany
no_u_turn\000016.jpg,no_u_turn,Germany
no_u_turn\000017.jpg,no_u_turn,Germany
no_u_turn\000018.jpg,no_u_turn,Germany
no_u_turn\000019.jpg,no_u_turn,Germany
no_u_turn\000020.jpg,no_u_turn,Germany
no_u_turn\000021.jpg,no_u_turn,Germany
no_u_turn\000022.jpg,no_u_turn,Germany
no_u_turn\000023.jpg,no_u_turn,Germany
no_u_turn\000024.jpg,no_u_turn,Germany
no_u_turn\000025.jpg,no_u_turn,Germany
no_u_turn\000026.jpg,no_u_turn,Germany
no_u_turn\000027.jpg,no_u_turn,Germany
no_u_turn\000028.jpg,no_u_turn,Germany
no_u_turn\000029.jpg,no_u_turn,Germany
no_u_turn\000030.jpg,no_u_turn,Germany
no_u_turn\000031.jpg,no_u_turn,Germany
no_u_turn\000032.jpg,no_u_turn,Germany
no_u_turn\000033.jpg,no_u_turn,Germany
no_u_turn\000034.jpg,no_u_turn,Germany
no_u_turn\000035.jpg,no_u_turn,Germany
no_u_turn\000036.jpg,no_u_turn,Germany
pedestrian_crossing\000001.jpg,pedestrian_crossing,Germany
pedestrian_crossing\000002.jpg,pedestrian_crossing,Germany
pedestrian_crossing\000003.jpg,pedestrian_crossing,Germany
pedestrian_crossing\000004.jpg,pedestrian_crossing,Germany
pedestrian_crossing\000005.jpg,pedestrian_crossing,Germany
pedestrian_crossing\000006.jpg,pedestrian_crossing,Germany
pedestrian_crossing\000007.jpg,pedestrian_crossing,Germany
pedestrian_crossing\000008.jpg,pedestrian_crossing,Germany
pedestrian_crossing\000009.jpg,pedestrian_crossing,Germany
pedestrian_crossing\000010.jpg,pedestrian_crossing,Germany
pedestrian_crossing\000011.jpg,pedestrian_crossing,Germany
pedestrian_crossing\000012.jpg,pedestrian_crossing,Germany
pedestrian_crossing\000013.jpg,pedestrian_crossing,Germany
pedestrian_crossing\000014.jpg,pedestrian_crossing,Germany
pedestrian_crossing\000015.jpg,pedestrian_crossing,Germany
pedestrian_crossing\000016.jpg,pedestrian_crossing,Germany
pedestrian_crossing\000017.jpg,pedestrian_crossing,Germany
pedestrian_crossing\000018.jpg,pedestrian_crossing,Germany
pedestrian_crossing\000019.jpg,pedestrian_crossing,Germany
pedestrian_crossing\000020.jpg,pedestrian_crossing,Germany
pedestrian_crossing\000021.jpg,pedestrian_crossing,Germany
pedestrian_crossing\000022.jpg,pedestrian_crossing,Germany
pedestrian_crossing\000023.jpg,pedestrian_crossing,Germany
pedestrian_crossing\000024.jpg,pedestrian_crossing,Germany
pedestrian_crossing\000025.jpg,pedestrian_crossing,Germany
pedestrian_crossing\000026.jpg,pedestrian_crossing,Germany
pedestrian_crossing\000027.jpg,pedestrian_crossing,Germany
pedestrian_crossing\000028.jpg,pedestrian_crossing,Germany
pedestrian_crossing\000029.jpg,pedestrian_crossing,Germany
pedestrian_crossing\000030.jpg,pedestrian_crossing,Germany
pedestrian_crossing\000031.jpg,pedestrian_crossing,Germany
pedestrian_crossing\000032.jpg,pedestrian_crossing,Germany
pedestrian_crossing\000033.jpg,pedestrian_crossing,Germany
pedestrian_crossing\000034.jpg,pedestrian_crossing,Germany
pedestrian_crossing\000035.jpg,pedestrian_crossing,Germany
pedestrian_crossing\000036.jpg,pedestrian_crossing,Germany
pedestrian_crossing\000037.jpg,pedestrian_crossing,Germany
pedestrian_crossing\000038.jpg,pedestrian_crossing,Germany
pedestrian_crossing\000039.jpg,pedestrian_crossing,Germany
pedestrian_crossing\000040.jpg,pedestrian_crossing,Germany
pedestrian_crossing\000041.jpg,pedestrian_crossing,Germany
pedestrian_crossing\000042.jpg,pedestrian_crossing,Germany
pedestrian_crossing\000043.jpg,pedestrian_crossing,Germany
pedestrian_crossing\000044.jpg,pedestrian_crossing,Germany
pedestrian_crossing\000045.jpg,pedestrian_crossing,Germany
pedestrian_crossing\000046.jpg,pedestrian_crossing,Germany
pedestrian_crossing\000047.jpg,pedestrian_crossing,Germany
pedestrian_crossing\000048.jpg,pedestrian_crossing,Germany
pedestrian_crossing\000049.jpg,pedestrian_crossing,Germany
pedestrian_crossing\000050.jpg,pedestrian_crossing,Germany
pedestrian_crossing\000051.jpg,pedestrian_crossing,Germany
pedestrian_crossing\000052.jpg,pedestrian_crossing,Germany
pedestrian_crossing\000053.jpg,pedestrian_crossing,Germany
pedestrian_crossing\000054.jpg,pedestrian_crossing,Germany
pedestrian_crossing\000055.jpg,pedestrian_crossing,Germany
pedestrian_crossing\000056.jpg,pedestrian_crossing,Germany
pedestrian_crossing\000057.jpg,pedestrian_crossing,Germany
pedestrian_crossing\000058.jpg,pedestrian_crossing,Germany
pedestrian_crossing\000059.jpg,pedestrian_crossing,Germany
pedestrian_crossing\000060.jpg,pedestrian_crossing,Germany
pedestrian_crossing\000061.jpg,pedestrian_crossing,Germany
pedestrian_crossing\000062.jpg,pedestrian_crossing,Germany
pedestrian_crossing\000063.jpg,pedestrian_crossing,Germany
school_ahead\000001.jpg,school_ahead,Germany
school_ahead\000002.jpg,school_ahead,Germany
school_ahead\000003.jpg,school_ahead,Germany
school_ahead\000004.jpg,school_ahead,Germany
school_ahead\000005.jpg,school_ahead,Germany
school_ahead\000006.jpg,school_ahead,Germany
school_ahead\000007.jpg,school_ahead,Germany
school_ahead\000008.jpg,school_ahead,Germany
school_ahead\000009.jpg,school_ahead,Germany
school_ahead\000010.jpg,school_ahead,Germany
school_ahead\000011.jpg,school_ahead,Germany
school_ahead\000012.jpg,school_ahead,Germany
school_ahead\000013.jpg,school_ahead,Germany
school_ahead\000014.jpg,school_ahead,Germany
school_ahead\000015.jpg,school_ahead,Germany
school_ahead\000016.jpg,school_ahead,Germany
school_ahead\000017.jpg,school_ahead,Germany
school_ahead\000018.jpg,school_ahead,Germany
school_ahead\000019.jpg,school_ahead,Germany
school_ahead\000020.jpg,school_ahead,Germany
school_ahead\000021.jpg,school_ahead,Germany
school_ahead\000022.jpg,school_ahead,Germany
school_ahead\000023.jpg,school_ahead,Germany
school_ahead\000024.jpg,school_ahead,Germany
school_ahead\000025.jpg,school_ahead,Germany
school_ahead\000026.jpg,school_ahead,Germany
school_ahead\000027.jpg,school_ahead,Germany
school_ahead\000028.jpg,school_ahead,Germany
school_ahead\000029.jpg,school_ahead,Germany
school_ahead\000030.jpg,school_ahead,Germany
school_ahead\000031.jpg,school_ahead,Germany
school_ahead\000032.jpg,school_ahead,Germany
school_ahead\000033.jpg,school_ahead,Germany
school_ahead\000034.jpg,school_ahead,Germany
school_ahead\000035.jpg,school_ahead,Germany
school_ahead\000036.jpg,school_ahead,Germany
school_ahead\000037.jpg,school_ahead,Germany
school_ahead\000038.jpg,school_ahead,Germany
school_ahead\000039.jpg,school_ahead,Germany
school_ahead\000040.jpg,school_ahead,Germany
school_ahead\000041.jpg,school_ahead,Germany
school_ahead\000042.jpg,school_ahead,Germany
school_ahead\000043.jpg,school_ahead,Germany
school_ahead\000044.jpg,school_ahead,Germany
school_ahead\000045.jpg,school_ahead,Germany
school_ahead\000046.jpg,school_ahead,Germany
school_ahead\000047.jpg,school_ahead,Germany
school_ahead\000048.jpg,school_ahead,Germany
school_ahead\000049.jpg,school_ahead,Germany
school_ahead\000050.jpg,school_ahead,Germany
school_ahead\000051.jpg,school_ahead,Germany
school_ahead\000052.jpg,school_ahead,Germany
school_ahead\000054.jpg,school_ahead,Germany
school_ahead\000055.jpg,school_ahead,Germany
road_work\000001.jpg,road_work,Germany
road_work\000002.jpg,road_work,Germany
road_work\000003.jpg,road_work,Germany
road_work\000004.jpg,road_work,Germany
road_work\000005.jpg,road_work,Germany
road_work\000006.jpg,road_work,Germany
road_work\000007.jpg,road_work,Germany
road_work\000008.jpg,road_work,Germany
road_work\000009.jpg,road_work,Germany
road_work\000010.jpg,road_work,Germany
road_work\000011.jpg,road_work,Germany
road_work\000012.jpg,road_work,Germany
road_work\000013.jpg,road_work,Germany
road_work\000014.jpg,road_work,Germany
road_work\000015.jpg,road_work,Germany
road_work\000016.jpg,road_work,Germany
road_work\000017.jpg,road_work,Germany
road_work\000018.jpg,road_work,Germany
road_work\000019.jpg,road_work,Germany
road_work\000020.jpg,road_work,Germany
road_work\000021.jpg,road_work,Germany
road_work\000022.jpg,road_work,Germany
road_work\000023.jpg,road_work,Germany
road_work\000024.jpg,road_work,Germany
road_work\000025.jpg,road_work,Germany
road_work\000026.jpg,road_work,Germany
road_work\000027.jpg,road_work,Germany
road_work\000028.jpg,road_work,Germany
road_work\000029.jpg,road_work,Germany
road_work\000030.jpg,road_work,Germany
road_work\000031.jpg,road_work,Germany
road_work\000032.jpg,road_work,Germany
road_work\000033.jpg,road_work,Germany
road_work\000034.jpg,road_work,Germany
road_work\000035.jpg,road_work,Germany
road_work\000036.jpg,road_work,Germany
road_work\000037.jpg,road_work,Germany
road_work\000038.jpg,road_work,Germany
road_work\000039.jpg,road_work,Germany
road_work\000040.jpg,road_work,Germany
road_work\000041.jpg,road_work,Germany
road_work\000042.jpg,road_work,Germany
slippery_road\000001.jpg,slippery_road,Germany
slippery_road\000002.jpg,slippery_road,Germany
slippery_road\000003.jpg,slippery_road,Germany
slippery_road\000004.jpg,slippery_road,Germany
slippery_road\000005.jpg,slippery_road,Germany
slippery_road\000006.jpg,slippery_road,Germany
slippery_road\000007.jpg,slippery_road,Germany
slippery_road\000008.jpg,slippery_road,Germany
slippery_road\000009.jpg,slippery_road,Germany
slippery_road\000010.jpg,slippery_road,Germany
slippery_road\000011.jpg,slippery_road,Germany
slippery_road\000012.jpg,slippery_road,Germany
slippery_road\000013.jpg,slippery_road,Germany
slippery_road\000014.jpg,slippery_road,Germany
slippery_road\000015.jpg,slippery_road,Germany
slippery_road\000016.jpg,slippery_road,Germany
slippery_road\000017.jpg,slippery_road,Germany
slippery_road\000018.jpg,slippery_road,Germany
slippery_road\000019.jpg,slippery_road,Germany
slippery_road\000020.jpg,slippery_road,Germany
slippery_road\000021.jpg,slippery_road,Germany
slippery_road\000022.jpg,slippery_road,Germany
slippery_road\000023.jpg,slippery_road,Germany
slippery_road\000024.jpg,slippery_road,Germany
slippery_road\000025.jpg,slippery_road,Germany
slippery_road\000026.jpg,slippery_road,Germany
slippery_road\000027.jpg,slippery_road,Germany
slippery_road\000028.jpg,slippery_road,Germany
slippery_road\000029.jpg,slippery_road,Germany
slippery_road\000030.jpg,slippery_road,Germany
slippery_road\000031.jpg,slippery_road,Germany
slippery_road\000032.jpg,slippery_road,Germany
slippery_road\000033.jpg,slippery_road,Germany
slippery_road\000034.jpg,slippery_road,Germany
slippery_road\000035.jpg,slippery_road,Germany
slippery_road\000036.jpg,slippery_road,Germany
slippery_road\000037.jpg,slippery_road,Germany
slippery_road\000038.jpg,slippery_road,Germany
slippery_road\000039.jpg,slippery_road,Germany
slippery_road\000040.jpg,slippery_road,Germany
slippery_road\000041.jpg,slippery_road,Germany
slippery_road\000042.jpg,slippery_road,Germany
slippery_road\000043.jpg,slippery_road,Germany
curve_ahead\000001.jpg,curve_ahead,Germany
curve_ahead\000002.jpg,curve_ahead,Germany
curve_ahead\000003.jpg,curve_ahead,Germany
curve_ahead\000004.jpg,curve_ahead,Germany
curve_ahead\000005.jpg,curve_ahead,Germany
curve_ahead\000006.jpg,curve_ahead,Germany
curve_ahead\000007.jpg,curve_ahead,Germany
curve_ahead\000008.jpg,curve_ahead,Germany
curve_ahead\000009.jpg,curve_ahead,Germany
curve_ahead\000010.jpg,curve_ahead,Germany
curve_ahead\000011.jpg,curve_ahead,Germany
curve_ahead\000012.jpg,curve_ahead,Germany
curve_ahead\000013.jpg,curve_ahead,Germany
curve_ahead\000014.jpg,curve_ahead,Germany
curve_ahead\000015.jpg,curve_ahead,Germany
curve_ahead\000016.jpg,curve_ahead,Germany
curve_ahead\000017.jpg,curve_ahead,Germany
curve_ahead\000018.jpg,curve_ahead,Germany
curve_ahead\000019.jpg,curve_ahead,Germany
curve_ahead\000020.jpg,curve_ahead,Germany
curve_ahead\000021.jpg,curve_ahead,Germany
curve_ahead\000022.jpg,curve_ahead,Germany
curve_ahead\000023.jpg,curve_ahead,Germany
curve_ahead\000024.jpg,curve_ahead,Germany
curve_ahead\000025.jpg,curve_ahead,Germany
curve_ahead\000026.jpg,curve_ahead,Germany
curve_ahead\000027.jpg,curve_ahead,Germany
curve_ahead\000028.jpg,curve_ahead,Germany
curve_ahead\000029.jpg,curve_ahead,Germany
curve_ahead\000030.jpg,curve_ahead,Germany
curve_ahead\000031.jpg,curve_ahead,Germany
curve_ahead\000032.jpg,curve_ahead,Germany
curve_ahead\000033.jpg,curve_ahead,Germany
curve_ahead\000034.jpg,curve_ahead,Germany
curve_ahead\000035.jpg,curve_ahead,Germany
curve_ahead\000036.jpg,curve_ahead,Germany
curve_ahead\000037.jpg,curve_ahead,Germany
curve_ahead\000038.jpg,curve_ahead,Germany
curve_ahead\000039.jpg,curve_ahead,Germany
curve_ahead\000040.jpg,curve_ahead,Germany
curve_ahead\000041.jpg,curve_ahead,Germany
curve_ahead\000042.jpg,curve_ahead,Germany
curve_ahead\000043.jpg,curve_ahead,Germany
curve_ahead\000044.jpg,curve_ahead,Germany
curve_ahead\000045.jpg,curve_ahead,Germany
curve_ahead\000046.jpg,curve_ahead,Germany
curve_ahead\000047.jpg,curve_ahead,Germany
curve_ahead\000048.jpg,curve_ahead,Germany
turn_left\000001.jpg,turn_left,Germany
turn_left\000002.jpg,turn_left,Germany
turn_left\000003.jpg,turn_left,Germany
turn_left\000004.jpg,turn_left,Germany
turn_left\000005.jpg,turn_left,Germany
turn_left\000006.jpg,turn_left,Germany
turn_left\000007.jpg,turn_left,Germany
turn_left\000008.jpg,turn_left,Germany
turn_left\000009.jpg,turn_left,Germany
turn_left\000010.jpg,turn_left,Germany
turn_left\000011.jpg,turn_left,Germany
turn_left\000012.jpg,turn_left,Germany
turn_left\000013.jpg,turn_left,Germany
turn_left\000014.jpg,turn_left,Germany
turn_left\000015.jpg,turn_left,Germany
turn_left\000016.jpg,turn_left,Germany
turn_left\000017.jpg,turn_left,Germany
turn_left\000018.jpg,turn_left,Germany
turn_left\000019.jpg,turn_left,Germany
turn_left\000020.jpg,turn_left,Germany
turn_left\000021.jpg,turn_left,Germany
turn_left\000022.jpg,turn_left,Germany
turn_left\000023.jpg,turn_left,Germany
turn_left\000024.jpg,turn_left,Germany
turn_left\000025.jpg,turn_left,Germany
turn_left\000026.jpg,turn_left,Germany
turn_left\000027.jpg,turn_left,Germany
turn_left\000028.jpg,turn_left,Germany
turn_left\000029.jpg,turn_left,Germany
turn_left\000030.jpg,turn_left,Germany
turn_left\000031.jpg,turn_left,Germany
turn_left\000032.jpg,turn_left,Germany
turn_left\000033.jpg,turn_left,Germany
turn_left\000034.jpg,turn_left,Germany
turn_left\000035.jpg,turn_left,Germany
turn_left\000036.jpg,turn_left,Germany
turn_left\000037.jpg,turn_left,Germany
turn_left\000038.jpg,turn_left,Germany
turn_left\000039.jpg,turn_left,Germany
turn_left\000040.jpg,turn_left,Germany
turn_left\000041.jpg,turn_left,Germany
turn_left\000042.jpg,turn_left,Germany
turn_left\000043.jpg,turn_left,Germany
turn_left\000044.jpg,turn_left,Germany
turn_left\000045.jpg,turn_left,Germany
turn_left\000046.jpg,turn_left,Germany
turn_left\000047.jpg,turn_left,Germany
turn_left\000048.jpg,turn_left,Germany
turn_left\000049.jpg,turn_left,Germany
turn_left\000050.jpg,turn_left,Germany
turn_left\000051.jpg,turn_left,Germany
turn_left\000052.jpg,turn_left,Germany
turn_left\000053.jpg,turn_left,Germany
turn_left\000054.jpg,turn_left,Germany
turn_left\000055.jpg,turn_left,Germany
turn_right\000001.jpg,turn_right,Germany
turn_right\000002.jpg,turn_right,Germany
turn_right\000003.jpg,turn_right,Germany
turn_right\000004.jpg,turn_right,Germany
turn_right\000005.jpg,turn_right,Germany
turn_right\000006.jpg,turn_right,Germany
turn_right\000007.jpg,turn_right,Germany
turn_right\000008.jpg,turn_right,Germany
turn_right\000009.jpg,turn_right,Germany
turn_right\000010.jpg,turn_right,Germany
turn_right\000011.jpg,turn_right,Germany
turn_right\000012.jpg,turn_right,Germany
turn_right\000013.jpg,turn_right,Germany
turn_right\000014.jpg,turn_right,Germany
turn_right\000015.jpg,turn_right,Germany
turn_right\000016.jpg,turn_right,Germany
turn_right\000017.jpg,turn_right,Germany
turn_right\000018.jpg,turn_right,Germany
turn_right\000019.jpg,turn_right,Germany
turn_right\000020.jpg,turn_right,Germany
turn_right\000021.jpg,turn_right,Germany
turn_right\000022.jpg,turn_right,Germany
turn_right\000023.jpg,turn_right,Germany
turn_right\000024.jpg,turn_right,Germany
turn_right\000025.jpg,turn_right,Germany
turn_right\000026.jpg,turn_right,Germany
turn_right\000027.jpg,turn_right,Germany
turn_right\000028.jpg,turn_right,Germany
turn_right\000029.jpg,turn_right,Germany
turn_right\000030.jpg,turn_right,Germany
turn_right\000031.jpg,turn_right,Germany
turn_right\000032.jpg,turn_right,Germany
turn_right\000033.jpg,turn_right,Germany
turn_right\000034.jpg,turn_right,Germany
turn_right\000035.jpg,turn_right,Germany
turn_right\000036.jpg,turn_right,Germany
turn_right\000037.jpg,turn_right,Germany
turn_right\000038.jpg,turn_right,Germany
turn_right\000039.jpg,turn_right,Germany
turn_right\000040.jpg,turn_right,Germany
turn_right\000041.jpg,turn_right,Germany
turn_right\000042.jpg,turn_right,Germany
turn_right\000043.jpg,turn_right,Germany
turn_right\000044.jpg,turn_right,Germany
turn_right\000045.jpg,turn_right,Germany
turn_right\000046.jpg,turn_right,Germany
turn_right\000047.jpg,turn_right,Germany
turn_right\000048.jpg,turn_right,Germany
turn_right\000049.jpg,turn_right,Germany
turn_right\000050.jpg,turn_right,Germany
go_straight\000001.jpg,go_straight,Germany
go_straight\000002.jpg,go_straight,Germany
go_straight\000003.jpg,go_straight,Germany
go_straight\000004.jpg,go_straight,Germany
go_straight\000005.jpg,go_straight,Germany
go_straight\000006.jpg,go_straight,Germany
go_straight\000007.jpg,go_straight,Germany
go_straight\000008.jpg,go_straight,Germany
go_straight\000009.jpg,go_straight,Germany
go_straight\000010.jpg,go_straight,Germany
go_straight\000011.jpg,go_straight,Germany
go_straight\000012.jpg,go_straight,Germany
go_straight\000013.jpg,go_straight,Germany
go_straight\000014.jpg,go_straight,Germany
go_straight\000015.jpg,go_straight,Germany
go_straight\000016.jpg,go_straight,Germany
go_straight\000017.jpg,go_straight,Germany
go_straight\000018.jpg,go_straight,Germany
go_straight\000019.jpg,go_straight,Germany
go_straight\000020.jpg,go_straight,Germany
go_straight\000021.jpg,go_straight,Germany
go_straight\000022.jpg,go_straight,Germany
go_straight\000023.jpg,go_straight,Germany
go_straight\000024.jpg,go_straight,Germany
go_straight\000025.jpg,go_straight,Germany
go_straight\000026.jpg,go_straight,Germany
go_straight\000028.jpg,go_straight,Germany
go_straight\000029.jpg,go_straight,Germany
go_straight\000030.jpg,go_straight,Germany
go_straight\000031.jpg,go_straight,Germany
go_straight\000032.jpg,go_straight,Germany
go_straight\000033.jpg,go_straight,Germany
go_straight\000034.jpg,go_straight,Germany
go_straight\000035.jpg,go_straight,Germany
go_straight\000036.jpg,go_straight,Germany
go_straight\000037.jpg,go_straight,Germany
go_straight\000038.jpg,go_straight,Germany
go_straight\000039.jpg,go_straight,Germany
go_straight\000040.jpg,go_straight,Germany
go_straight\000041.jpg,go_straight,Germany
go_straight\000042.jpg,go_straight,Germany
go_straight\000043.jpg,go_straight,Germany
go_straight\000044.jpg,go_straight,Germany
go_straight\000045.jpg,go_straight,Germany
go_straight\000046.jpg,go_straight,Germany
roundabout\000001.jpg,roundabout,Germany
roundabout\000002.jpg,roundabout,Germany
roundabout\000003.jpg,roundabout,Germany
roundabout\000004.jpg,roundabout,Germany
roundabout\000005.jpg,roundabout,Germany
roundabout\000006.jpg,roundabout,Germany
roundabout\000007.jpg,roundabout,Germany
roundabout\000008.jpg,roundabout,Germany
roundabout\000009.jpg,roundabout,Germany
roundabout\000010.jpg,roundabout,Germany
roundabout\000011.jpg,roundabout,Germany
roundabout\000012.jpg,roundabout,Germany
roundabout\000013.jpg,roundabout,Germany
roundabout\000014.jpg,roundabout,Germany
roundabout\000015.jpg,roundabout,Germany
roundabout\000016.jpg,roundabout,Germany
roundabout\000017.jpg,roundabout,Germany
roundabout\000018.jpg,roundabout,Germany
roundabout\000019.jpg,roundabout,Germany
roundabout\000020.jpg,roundabout,Germany
roundabout\000021.jpg,roundabout,Germany
roundabout\000022.jpg,roundabout,Germany
roundabout\000023.jpg,roundabout,Germany
roundabout\000024.jpg,roundabout,Germany
roundabout\000025.jpg,roundabout,Germany
roundabout\000026.jpg,roundabout,Germany
roundabout\000027.jpg,roundabout,Germany
roundabout\000028.jpg,roundabout,Germany
roundabout\000029.jpg,roundabout,Germany
roundabout\000030.jpg,roundabout,Germany
roundabout\000031.jpg,roundabout,Germany
roundabout\000032.jpg,roundabout,Germany
roundabout\000033.jpg,roundabout,Germany
roundabout\000034.jpg,roundabout,Germany
roundabout\000035.jpg,roundabout,Germany
roundabout\000036.jpg,roundabout,Germany
roundabout\000037.jpg,roundabout,Germany
roundabout\000038.jpg,roundabout,Germany
roundabout\000039.jpg,roundabout,Germany
roundabout\000040.jpg,roundabout,Germany
roundabout\000041.jpg,roundabout,Germany
roundabout\000042.jpg,roundabout,Germany
roundabout\000043.jpg,roundabout,Germany
roundabout\000044.jpg,roundabout,Germany
roundabout\000045.jpg,roundabout,Germany
roundabout\000046.jpg,roundabout,Germany
